<?xml version="1.0" encoding="UTF-8"?>
<GenRun Id="impl_1" LaunchPart="xc7a100tcsg324-1" LaunchTime="1681897469">
  <File Type="BITSTR-BMM" Name="MK3_bd.bmm"/>
  <File Type="OPT-METHODOLOGY-DRC" Name="MK3_methodology_drc_opted.rpt"/>
  <File Type="INIT-TIMING" Name="MK3_timing_summary_init.rpt"/>
  <File Type="ROUTE-PWR" Name="MK3_power_routed.rpt"/>
  <File Type="PA-TCL" Name="MK3.tcl"/>
  <File Type="OPT-TIMING" Name="MK3_timing_summary_opted.rpt"/>
  <File Type="OPT-DCP" Name="MK3_opt.dcp"/>
  <File Type="ROUTE-PWR-SUM" Name="MK3_power_summary_routed.pb"/>
  <File Type="REPORTS-TCL" Name="MK3_reports.tcl"/>
  <File Type="OPT-DRC" Name="MK3_drc_opted.rpt"/>
  <File Type="OPT-HWDEF" Name="MK3.hwdef"/>
  <File Type="PWROPT-DCP" Name="MK3_pwropt.dcp"/>
  <File Type="PWROPT-DRC" Name="MK3_drc_pwropted.rpt"/>
  <File Type="PWROPT-TIMING" Name="MK3_timing_summary_pwropted.rpt"/>
  <File Type="PLACE-DCP" Name="MK3_placed.dcp"/>
  <File Type="PLACE-IO" Name="MK3_io_placed.rpt"/>
  <File Type="PLACE-CLK" Name="MK3_clock_utilization_placed.rpt"/>
  <File Type="PLACE-UTIL" Name="MK3_utilization_placed.rpt"/>
  <File Type="PLACE-UTIL-PB" Name="MK3_utilization_placed.pb"/>
  <File Type="PLACE-CTRL" Name="MK3_control_sets_placed.rpt"/>
  <File Type="PLACE-SIMILARITY" Name="MK3_incremental_reuse_placed.rpt"/>
  <File Type="PLACE-PRE-SIMILARITY" Name="MK3_incremental_reuse_pre_placed.rpt"/>
  <File Type="BG-BGN" Name="MK3.bgn"/>
  <File Type="PLACE-TIMING" Name="MK3_timing_summary_placed.rpt"/>
  <File Type="POSTPLACE-PWROPT-DCP" Name="MK3_postplace_pwropt.dcp"/>
  <File Type="BG-BIN" Name="MK3.bin"/>
  <File Type="POSTPLACE-PWROPT-TIMING" Name="MK3_timing_summary_postplace_pwropted.rpt"/>
  <File Type="PHYSOPT-DCP" Name="MK3_physopt.dcp"/>
  <File Type="PHYSOPT-DRC" Name="MK3_drc_physopted.rpt"/>
  <File Type="BITSTR-MSK" Name="MK3.msk"/>
  <File Type="PHYSOPT-TIMING" Name="MK3_timing_summary_physopted.rpt"/>
  <File Type="ROUTE-ERROR-DCP" Name="MK3_routed_error.dcp"/>
  <File Type="ROUTE-DCP" Name="MK3_routed.dcp"/>
  <File Type="ROUTE-BLACKBOX-DCP" Name="MK3_routed_bb.dcp"/>
  <File Type="ROUTE-DRC" Name="MK3_drc_routed.rpt"/>
  <File Type="ROUTE-DRC-PB" Name="MK3_drc_routed.pb"/>
  <File Type="BITSTR-LTX" Name="debug_nets.ltx"/>
  <File Type="BITSTR-LTX" Name="MK3.ltx"/>
  <File Type="ROUTE-DRC-RPX" Name="MK3_drc_routed.rpx"/>
  <File Type="BITSTR-MMI" Name="MK3.mmi"/>
  <File Type="ROUTE-METHODOLOGY-DRC" Name="MK3_methodology_drc_routed.rpt"/>
  <File Type="ROUTE-METHODOLOGY-DRC-RPX" Name="MK3_methodology_drc_routed.rpx"/>
  <File Type="BITSTR-SYSDEF" Name="MK3.sysdef"/>
  <File Type="ROUTE-METHODOLOGY-DRC-PB" Name="MK3_methodology_drc_routed.pb"/>
  <File Type="ROUTE-PWR-RPX" Name="MK3_power_routed.rpx"/>
  <File Type="ROUTE-STATUS" Name="MK3_route_status.rpt"/>
  <File Type="ROUTE-STATUS-PB" Name="MK3_route_status.pb"/>
  <File Type="ROUTE-TIMINGSUMMARY" Name="MK3_timing_summary_routed.rpt"/>
  <File Type="ROUTE-TIMING-PB" Name="MK3_timing_summary_routed.pb"/>
  <File Type="ROUTE-TIMING-RPX" Name="MK3_timing_summary_routed.rpx"/>
  <File Type="ROUTE-SIMILARITY" Name="MK3_incremental_reuse_routed.rpt"/>
  <File Type="ROUTE-CLK" Name="MK3_clock_utilization_routed.rpt"/>
  <File Type="ROUTE-BUS-SKEW" Name="MK3_bus_skew_routed.rpt"/>
  <File Type="ROUTE-BUS-SKEW-PB" Name="MK3_bus_skew_routed.pb"/>
  <File Type="ROUTE-BUS-SKEW-RPX" Name="MK3_bus_skew_routed.rpx"/>
  <File Type="POSTROUTE-PHYSOPT-DCP" Name="MK3_postroute_physopt.dcp"/>
  <File Type="POSTROUTE-PHYSOPT-BLACKBOX-DCP" Name="MK3_postroute_physopt_bb.dcp"/>
  <File Type="POSTROUTE-PHYSOPT-TIMING" Name="MK3_timing_summary_postroute_physopted.rpt"/>
  <File Type="POSTROUTE-PHYSOPT-TIMING-PB" Name="MK3_timing_summary_postroute_physopted.pb"/>
  <File Type="POSTROUTE-PHYSOPT-TIMING-RPX" Name="MK3_timing_summary_postroute_physopted.rpx"/>
  <File Type="POSTROUTE-PHYSOPT-BUS-SKEW" Name="MK3_bus_skew_postroute_physopted.rpt"/>
  <File Type="POSTROUTE-PHYSOPT-BUS-SKEW-PB" Name="MK3_bus_skew_postroute_physopted.pb"/>
  <File Type="BG-BIT" Name="MK3.bit"/>
  <File Type="POSTROUTE-PHYSOPT-BUS-SKEW-RPX" Name="MK3_bus_skew_postroute_physopted.rpx"/>
  <File Type="BITSTR-RBT" Name="MK3.rbt"/>
  <File Type="BITSTR-NKY" Name="MK3.nky"/>
  <File Type="BG-DRC" Name="MK3.drc"/>
  <File Type="RDI-RDI" Name="MK3.vdi"/>
  <File Type="WBT-USG" Name="usage_statistics_webtalk.html"/>
  <FileSet Name="sources" Type="DesignSrcs" RelSrcDir="$PSRCDIR/sources_1">
    <Filter Type="Srcs"/>
    <File Path="$PSRCDIR/sources_1/new/encoder.vhd">
      <FileInfo>
        <Attr Name="UsedIn" Val="synthesis"/>
        <Attr Name="UsedIn" Val="simulation"/>
      </FileInfo>
    </File>
    <File Path="$PSRCDIR/sources_1/new/led.vhd">
      <FileInfo>
        <Attr Name="UsedIn" Val="synthesis"/>
        <Attr Name="UsedIn" Val="simulation"/>
      </FileInfo>
    </File>
    <File Path="$PSRCDIR/sources_1/new/MK3.vhd">
      <FileInfo>
        <Attr Name="UsedIn" Val="synthesis"/>
        <Attr Name="UsedIn" Val="simulation"/>
      </FileInfo>
    </File>
    <Config>
      <Option Name="DesignMode" Val="RTL"/>
      <Option Name="TopModule" Val="MK3"/>
      <Option Name="TopAutoSet" Val="TRUE"/>
    </Config>
  </FileSet>
  <FileSet Name="constrs_in" Type="Constrs" RelSrcDir="$PSRCDIR/constrs_1">
    <Filter Type="Constrs"/>
    <File Path="$PSRCDIR/constrs_1/new/cons.xdc">
      <FileInfo>
        <Attr Name="UsedIn" Val="synthesis"/>
        <Attr Name="UsedIn" Val="implementation"/>
      </FileInfo>
    </File>
    <Config>
      <Option Name="ConstrsType" Val="XDC"/>
    </Config>
  </FileSet>
  <FileSet Name="utils" Type="Utils" RelSrcDir="$PSRCDIR/utils_1">
    <Filter Type="Utils"/>
    <Config>
      <Option Name="TopAutoSet" Val="TRUE"/>
    </Config>
  </FileSet>
  <Strategy Version="1" Minor="2">
    <StratHandle Name="Vivado Implementation Defaults" Flow="Vivado Implementation 2018"/>
    <Step Id="init_design"/>
    <Step Id="opt_design"/>
    <Step Id="power_opt_design"/>
    <Step Id="place_design"/>
    <Step Id="post_place_power_opt_design"/>
    <Step Id="phys_opt_design"/>
    <Step Id="route_design"/>
    <Step Id="post_route_phys_opt_design"/>
    <Step Id="write_bitstream"/>
  </Strategy>
</GenRun>
