<?xml version="1.0" encoding="UTF-8"?>
<GenRun Id="impl_1" LaunchPart="xc7a100tcsg324-1" LaunchTime="1684400826">
  <File Type="ROUTE-PWR" Name="klawiatura2_power_routed.rpt"/>
  <File Type="PA-TCL" Name="klawiatura2.tcl"/>
  <File Type="BITSTR-MMI" Name="klawiatura2.mmi"/>
  <File Type="OPT-METHODOLOGY-DRC" Name="klawiatura2_methodology_drc_opted.rpt"/>
  <File Type="INIT-TIMING" Name="klawiatura2_timing_summary_init.rpt"/>
  <File Type="ROUTE-PWR-SUM" Name="klawiatura2_power_summary_routed.pb"/>
  <File Type="REPORTS-TCL" Name="klawiatura2_reports.tcl"/>
  <File Type="OPT-TIMING" Name="klawiatura2_timing_summary_opted.rpt"/>
  <File Type="OPT-DCP" Name="klawiatura2_opt.dcp"/>
  <File Type="OPT-DRC" Name="klawiatura2_drc_opted.rpt"/>
  <File Type="OPT-HWDEF" Name="klawiatura2.hwdef"/>
  <File Type="PWROPT-DCP" Name="klawiatura2_pwropt.dcp"/>
  <File Type="PWROPT-DRC" Name="klawiatura2_drc_pwropted.rpt"/>
  <File Type="PWROPT-TIMING" Name="klawiatura2_timing_summary_pwropted.rpt"/>
  <File Type="PLACE-DCP" Name="klawiatura2_placed.dcp"/>
  <File Type="PLACE-IO" Name="klawiatura2_io_placed.rpt"/>
  <File Type="PLACE-CLK" Name="klawiatura2_clock_utilization_placed.rpt"/>
  <File Type="PLACE-UTIL" Name="klawiatura2_utilization_placed.rpt"/>
  <File Type="PLACE-UTIL-PB" Name="klawiatura2_utilization_placed.pb"/>
  <File Type="PLACE-CTRL" Name="klawiatura2_control_sets_placed.rpt"/>
  <File Type="PLACE-SIMILARITY" Name="klawiatura2_incremental_reuse_placed.rpt"/>
  <File Type="PLACE-PRE-SIMILARITY" Name="klawiatura2_incremental_reuse_pre_placed.rpt"/>
  <File Type="BG-BIN" Name="klawiatura2.bin"/>
  <File Type="PLACE-TIMING" Name="klawiatura2_timing_summary_placed.rpt"/>
  <File Type="POSTPLACE-PWROPT-DCP" Name="klawiatura2_postplace_pwropt.dcp"/>
  <File Type="BITSTR-MSK" Name="klawiatura2.msk"/>
  <File Type="POSTPLACE-PWROPT-TIMING" Name="klawiatura2_timing_summary_postplace_pwropted.rpt"/>
  <File Type="PHYSOPT-DCP" Name="klawiatura2_physopt.dcp"/>
  <File Type="PHYSOPT-DRC" Name="klawiatura2_drc_physopted.rpt"/>
  <File Type="BITSTR-RBT" Name="klawiatura2.rbt"/>
  <File Type="PHYSOPT-TIMING" Name="klawiatura2_timing_summary_physopted.rpt"/>
  <File Type="ROUTE-ERROR-DCP" Name="klawiatura2_routed_error.dcp"/>
  <File Type="ROUTE-DCP" Name="klawiatura2_routed.dcp"/>
  <File Type="ROUTE-BLACKBOX-DCP" Name="klawiatura2_routed_bb.dcp"/>
  <File Type="ROUTE-DRC" Name="klawiatura2_drc_routed.rpt"/>
  <File Type="ROUTE-DRC-PB" Name="klawiatura2_drc_routed.pb"/>
  <File Type="ROUTE-DRC-RPX" Name="klawiatura2_drc_routed.rpx"/>
  <File Type="ROUTE-METHODOLOGY-DRC" Name="klawiatura2_methodology_drc_routed.rpt"/>
  <File Type="ROUTE-METHODOLOGY-DRC-RPX" Name="klawiatura2_methodology_drc_routed.rpx"/>
  <File Type="ROUTE-METHODOLOGY-DRC-PB" Name="klawiatura2_methodology_drc_routed.pb"/>
  <File Type="ROUTE-PWR-RPX" Name="klawiatura2_power_routed.rpx"/>
  <File Type="ROUTE-STATUS" Name="klawiatura2_route_status.rpt"/>
  <File Type="ROUTE-STATUS-PB" Name="klawiatura2_route_status.pb"/>
  <File Type="ROUTE-TIMINGSUMMARY" Name="klawiatura2_timing_summary_routed.rpt"/>
  <File Type="ROUTE-TIMING-PB" Name="klawiatura2_timing_summary_routed.pb"/>
  <File Type="ROUTE-TIMING-RPX" Name="klawiatura2_timing_summary_routed.rpx"/>
  <File Type="ROUTE-SIMILARITY" Name="klawiatura2_incremental_reuse_routed.rpt"/>
  <File Type="ROUTE-CLK" Name="klawiatura2_clock_utilization_routed.rpt"/>
  <File Type="ROUTE-BUS-SKEW" Name="klawiatura2_bus_skew_routed.rpt"/>
  <File Type="ROUTE-BUS-SKEW-PB" Name="klawiatura2_bus_skew_routed.pb"/>
  <File Type="ROUTE-BUS-SKEW-RPX" Name="klawiatura2_bus_skew_routed.rpx"/>
  <File Type="POSTROUTE-PHYSOPT-DCP" Name="klawiatura2_postroute_physopt.dcp"/>
  <File Type="POSTROUTE-PHYSOPT-BLACKBOX-DCP" Name="klawiatura2_postroute_physopt_bb.dcp"/>
  <File Type="POSTROUTE-PHYSOPT-TIMING" Name="klawiatura2_timing_summary_postroute_physopted.rpt"/>
  <File Type="POSTROUTE-PHYSOPT-TIMING-PB" Name="klawiatura2_timing_summary_postroute_physopted.pb"/>
  <File Type="POSTROUTE-PHYSOPT-TIMING-RPX" Name="klawiatura2_timing_summary_postroute_physopted.rpx"/>
  <File Type="POSTROUTE-PHYSOPT-BUS-SKEW" Name="klawiatura2_bus_skew_postroute_physopted.rpt"/>
  <File Type="BG-BIT" Name="klawiatura2.bit"/>
  <File Type="POSTROUTE-PHYSOPT-BUS-SKEW-PB" Name="klawiatura2_bus_skew_postroute_physopted.pb"/>
  <File Type="POSTROUTE-PHYSOPT-BUS-SKEW-RPX" Name="klawiatura2_bus_skew_postroute_physopted.rpx"/>
  <File Type="BITSTR-NKY" Name="klawiatura2.nky"/>
  <File Type="BITSTR-BMM" Name="klawiatura2_bd.bmm"/>
  <File Type="PDI-FILE" Name="klawiatura2.pdi"/>
  <File Type="RCFI_FILE" Name="klawiatura2.rcfi"/>
  <File Type="CFI_FILE" Name="klawiatura2.cfi"/>
  <File Type="RNPI_FILE" Name="klawiatura2.rnpi"/>
  <File Type="NPI_FILE" Name="klawiatura2.npi"/>
  <File Type="RBD_FILE" Name="klawiatura2.rbd"/>
  <File Type="BITSTR-LTX" Name="debug_nets.ltx"/>
  <File Type="BITSTR-LTX" Name="klawiatura2.ltx"/>
  <File Type="BITSTR-SYSDEF" Name="klawiatura2.sysdef"/>
  <File Type="BG-BGN" Name="klawiatura2.bgn"/>
  <File Type="BG-DRC" Name="klawiatura2.drc"/>
  <File Type="RDI-RDI" Name="klawiatura2.vdi"/>
  <File Type="WBT-USG" Name="usage_statistics_webtalk.html"/>
  <File Type="ROUTE-RQS" Name="klawiatura2_routed.rqs"/>
  <File Type="POSTROUTE-PHYSOPT-RQS" Name="klawiatura2_postroute_physopted.rqs"/>
  <File Type="ROUTE-RQS-RPT" Name="route_report_qor_suggestions_0.rpt"/>
  <File Type="POSTROUTE-PHYSOPT-RQS-RPT" Name="postroute_physopt_report_qor_suggestions_0.rpt"/>
  <FileSet Name="sources" Type="DesignSrcs" RelSrcDir="$PSRCDIR/sources_1" RelGenDir="$PGENDIR/sources_1">
    <Filter Type="Srcs"/>
    <File Path="$PSRCDIR/sources_1/new/dzielnik_f.vhd">
      <FileInfo>
        <Attr Name="UsedIn" Val="synthesis"/>
        <Attr Name="UsedIn" Val="simulation"/>
      </FileInfo>
    </File>
    <File Path="$PSRCDIR/sources_1/new/jol.vhd">
      <FileInfo>
        <Attr Name="UsedIn" Val="synthesis"/>
        <Attr Name="UsedIn" Val="simulation"/>
      </FileInfo>
    </File>
    <File Path="$PSRCDIR/sources_1/new/ss.vhd">
      <FileInfo>
        <Attr Name="UsedIn" Val="synthesis"/>
        <Attr Name="UsedIn" Val="simulation"/>
      </FileInfo>
    </File>
    <File Path="$PSRCDIR/sources_1/new/top.vhd">
      <FileInfo>
        <Attr Name="UsedIn" Val="synthesis"/>
        <Attr Name="UsedIn" Val="simulation"/>
      </FileInfo>
    </File>
    <Config>
      <Option Name="DesignMode" Val="RTL"/>
      <Option Name="TopModule" Val="klawiatura2"/>
      <Option Name="TopAutoSet" Val="TRUE"/>
    </Config>
  </FileSet>
  <FileSet Name="constrs_in" Type="Constrs" RelSrcDir="$PSRCDIR/constrs_1">
    <Filter Type="Constrs"/>
    <File Path="$PSRCDIR/constrs_1/new/cons.xdc">
      <FileInfo>
        <Attr Name="UsedIn" Val="synthesis"/>
        <Attr Name="UsedIn" Val="implementation"/>
      </FileInfo>
    </File>
    <Config>
      <Option Name="ConstrsType" Val="XDC"/>
    </Config>
  </FileSet>
  <FileSet Name="utils" Type="Utils" RelSrcDir="$PSRCDIR/utils_1">
    <Filter Type="Utils"/>
    <Config>
      <Option Name="TopAutoSet" Val="TRUE"/>
    </Config>
  </FileSet>
  <Strategy Version="1" Minor="2">
    <StratHandle Name="Vivado Implementation Defaults" Flow="Vivado Implementation 2022">
      <Desc>Default settings for Implementation.</Desc>
    </StratHandle>
    <Step Id="init_design"/>
    <Step Id="opt_design"/>
    <Step Id="power_opt_design"/>
    <Step Id="place_design"/>
    <Step Id="post_place_power_opt_design"/>
    <Step Id="phys_opt_design"/>
    <Step Id="route_design"/>
    <Step Id="post_route_phys_opt_design"/>
    <Step Id="write_bitstream"/>
  </Strategy>
</GenRun>
