<?xml version="1.0" encoding="UTF-8"?>
<GenRun Id="impl_1" LaunchPart="xc7a100tcsg324-1" LaunchTime="1683192795">
  <File Type="ROUTE-PWR" Name="stoper_power_routed.rpt"/>
  <File Type="PA-TCL" Name="stoper.tcl"/>
  <File Type="BITSTR-MMI" Name="stoper.mmi"/>
  <File Type="OPT-METHODOLOGY-DRC" Name="stoper_methodology_drc_opted.rpt"/>
  <File Type="INIT-TIMING" Name="stoper_timing_summary_init.rpt"/>
  <File Type="ROUTE-PWR-SUM" Name="stoper_power_summary_routed.pb"/>
  <File Type="REPORTS-TCL" Name="stoper_reports.tcl"/>
  <File Type="OPT-TIMING" Name="stoper_timing_summary_opted.rpt"/>
  <File Type="OPT-DCP" Name="stoper_opt.dcp"/>
  <File Type="OPT-DRC" Name="stoper_drc_opted.rpt"/>
  <File Type="OPT-HWDEF" Name="stoper.hwdef"/>
  <File Type="PWROPT-DCP" Name="stoper_pwropt.dcp"/>
  <File Type="PWROPT-DRC" Name="stoper_drc_pwropted.rpt"/>
  <File Type="PWROPT-TIMING" Name="stoper_timing_summary_pwropted.rpt"/>
  <File Type="PLACE-DCP" Name="stoper_placed.dcp"/>
  <File Type="PLACE-IO" Name="stoper_io_placed.rpt"/>
  <File Type="PLACE-CLK" Name="stoper_clock_utilization_placed.rpt"/>
  <File Type="PLACE-UTIL" Name="stoper_utilization_placed.rpt"/>
  <File Type="PLACE-UTIL-PB" Name="stoper_utilization_placed.pb"/>
  <File Type="PLACE-CTRL" Name="stoper_control_sets_placed.rpt"/>
  <File Type="PLACE-SIMILARITY" Name="stoper_incremental_reuse_placed.rpt"/>
  <File Type="PLACE-PRE-SIMILARITY" Name="stoper_incremental_reuse_pre_placed.rpt"/>
  <File Type="BG-BIN" Name="stoper.bin"/>
  <File Type="PLACE-TIMING" Name="stoper_timing_summary_placed.rpt"/>
  <File Type="POSTPLACE-PWROPT-DCP" Name="stoper_postplace_pwropt.dcp"/>
  <File Type="BITSTR-MSK" Name="stoper.msk"/>
  <File Type="POSTPLACE-PWROPT-TIMING" Name="stoper_timing_summary_postplace_pwropted.rpt"/>
  <File Type="PHYSOPT-DCP" Name="stoper_physopt.dcp"/>
  <File Type="PHYSOPT-DRC" Name="stoper_drc_physopted.rpt"/>
  <File Type="BITSTR-RBT" Name="stoper.rbt"/>
  <File Type="PHYSOPT-TIMING" Name="stoper_timing_summary_physopted.rpt"/>
  <File Type="ROUTE-ERROR-DCP" Name="stoper_routed_error.dcp"/>
  <File Type="ROUTE-DCP" Name="stoper_routed.dcp"/>
  <File Type="ROUTE-BLACKBOX-DCP" Name="stoper_routed_bb.dcp"/>
  <File Type="ROUTE-DRC" Name="stoper_drc_routed.rpt"/>
  <File Type="ROUTE-DRC-PB" Name="stoper_drc_routed.pb"/>
  <File Type="ROUTE-DRC-RPX" Name="stoper_drc_routed.rpx"/>
  <File Type="ROUTE-METHODOLOGY-DRC" Name="stoper_methodology_drc_routed.rpt"/>
  <File Type="ROUTE-METHODOLOGY-DRC-RPX" Name="stoper_methodology_drc_routed.rpx"/>
  <File Type="ROUTE-METHODOLOGY-DRC-PB" Name="stoper_methodology_drc_routed.pb"/>
  <File Type="ROUTE-PWR-RPX" Name="stoper_power_routed.rpx"/>
  <File Type="ROUTE-STATUS" Name="stoper_route_status.rpt"/>
  <File Type="ROUTE-STATUS-PB" Name="stoper_route_status.pb"/>
  <File Type="ROUTE-TIMINGSUMMARY" Name="stoper_timing_summary_routed.rpt"/>
  <File Type="ROUTE-TIMING-PB" Name="stoper_timing_summary_routed.pb"/>
  <File Type="ROUTE-TIMING-RPX" Name="stoper_timing_summary_routed.rpx"/>
  <File Type="ROUTE-SIMILARITY" Name="stoper_incremental_reuse_routed.rpt"/>
  <File Type="ROUTE-CLK" Name="stoper_clock_utilization_routed.rpt"/>
  <File Type="ROUTE-BUS-SKEW" Name="stoper_bus_skew_routed.rpt"/>
  <File Type="ROUTE-BUS-SKEW-PB" Name="stoper_bus_skew_routed.pb"/>
  <File Type="ROUTE-BUS-SKEW-RPX" Name="stoper_bus_skew_routed.rpx"/>
  <File Type="POSTROUTE-PHYSOPT-DCP" Name="stoper_postroute_physopt.dcp"/>
  <File Type="POSTROUTE-PHYSOPT-BLACKBOX-DCP" Name="stoper_postroute_physopt_bb.dcp"/>
  <File Type="POSTROUTE-PHYSOPT-TIMING" Name="stoper_timing_summary_postroute_physopted.rpt"/>
  <File Type="POSTROUTE-PHYSOPT-TIMING-PB" Name="stoper_timing_summary_postroute_physopted.pb"/>
  <File Type="POSTROUTE-PHYSOPT-TIMING-RPX" Name="stoper_timing_summary_postroute_physopted.rpx"/>
  <File Type="POSTROUTE-PHYSOPT-BUS-SKEW" Name="stoper_bus_skew_postroute_physopted.rpt"/>
  <File Type="BG-BIT" Name="stoper.bit"/>
  <File Type="POSTROUTE-PHYSOPT-BUS-SKEW-PB" Name="stoper_bus_skew_postroute_physopted.pb"/>
  <File Type="POSTROUTE-PHYSOPT-BUS-SKEW-RPX" Name="stoper_bus_skew_postroute_physopted.rpx"/>
  <File Type="BITSTR-NKY" Name="stoper.nky"/>
  <File Type="BITSTR-BMM" Name="stoper_bd.bmm"/>
  <File Type="PDI-FILE" Name="stoper.pdi"/>
  <File Type="RCFI_FILE" Name="stoper.rcfi"/>
  <File Type="CFI_FILE" Name="stoper.cfi"/>
  <File Type="RNPI_FILE" Name="stoper.rnpi"/>
  <File Type="NPI_FILE" Name="stoper.npi"/>
  <File Type="RBD_FILE" Name="stoper.rbd"/>
  <File Type="BITSTR-LTX" Name="debug_nets.ltx"/>
  <File Type="BITSTR-LTX" Name="stoper.ltx"/>
  <File Type="BITSTR-SYSDEF" Name="stoper.sysdef"/>
  <File Type="BG-BGN" Name="stoper.bgn"/>
  <File Type="BG-DRC" Name="stoper.drc"/>
  <File Type="RDI-RDI" Name="stoper.vdi"/>
  <File Type="WBT-USG" Name="usage_statistics_webtalk.html"/>
  <File Type="ROUTE-RQS" Name="stoper_routed.rqs"/>
  <File Type="POSTROUTE-PHYSOPT-RQS" Name="stoper_postroute_physopted.rqs"/>
  <File Type="ROUTE-RQS-RPT" Name="route_report_qor_suggestions_0.rpt"/>
  <File Type="POSTROUTE-PHYSOPT-RQS-RPT" Name="postroute_physopt_report_qor_suggestions_0.rpt"/>
  <FileSet Name="sources" Type="DesignSrcs" RelSrcDir="$PSRCDIR/sources_1" RelGenDir="$PGENDIR/sources_1">
    <Filter Type="Srcs"/>
    <File Path="$PSRCDIR/sources_1/new/display_7seg.vhd">
      <FileInfo>
        <Attr Name="UsedIn" Val="synthesis"/>
        <Attr Name="UsedIn" Val="simulation"/>
      </FileInfo>
    </File>
    <File Path="$PSRCDIR/sources_1/new/divider_by_N.vhd">
      <FileInfo>
        <Attr Name="UsedIn" Val="synthesis"/>
        <Attr Name="UsedIn" Val="simulation"/>
      </FileInfo>
    </File>
    <File Path="$PSRCDIR/sources_1/new/divider_by_N_10.vhd">
      <FileInfo>
        <Attr Name="UsedIn" Val="synthesis"/>
        <Attr Name="UsedIn" Val="simulation"/>
      </FileInfo>
    </File>
    <File Path="$PSRCDIR/sources_1/new/top.vhd">
      <FileInfo>
        <Attr Name="UsedIn" Val="synthesis"/>
        <Attr Name="UsedIn" Val="simulation"/>
      </FileInfo>
    </File>
    <Config>
      <Option Name="DesignMode" Val="RTL"/>
      <Option Name="TopModule" Val="stoper"/>
      <Option Name="TopAutoSet" Val="TRUE"/>
    </Config>
  </FileSet>
  <FileSet Name="constrs_in" Type="Constrs" RelSrcDir="$PSRCDIR/constrs_1">
    <Filter Type="Constrs"/>
    <File Path="$PSRCDIR/constrs_1/new/constraints.xdc">
      <FileInfo>
        <Attr Name="UsedIn" Val="synthesis"/>
        <Attr Name="UsedIn" Val="implementation"/>
      </FileInfo>
    </File>
    <Config>
      <Option Name="ConstrsType" Val="XDC"/>
    </Config>
  </FileSet>
  <FileSet Name="utils" Type="Utils" RelSrcDir="$PSRCDIR/utils_1">
    <Filter Type="Utils"/>
    <Config>
      <Option Name="TopAutoSet" Val="TRUE"/>
    </Config>
  </FileSet>
  <Strategy Version="1" Minor="2">
    <StratHandle Name="Vivado Implementation Defaults" Flow="Vivado Implementation 2022">
      <Desc>Default settings for Implementation.</Desc>
    </StratHandle>
    <Step Id="init_design"/>
    <Step Id="opt_design"/>
    <Step Id="power_opt_design"/>
    <Step Id="place_design"/>
    <Step Id="post_place_power_opt_design"/>
    <Step Id="phys_opt_design"/>
    <Step Id="route_design"/>
    <Step Id="post_route_phys_opt_design"/>
    <Step Id="write_bitstream"/>
  </Strategy>
</GenRun>
